insert into movie_details (movie_id, movie_title,  release_date ) values (1, 'Magic Hunter (Büvös vadász)', PARSEDATETIME('25/07/2006','dd/MM/yyyy')   );
insert into movie_details (movie_id, movie_title,  release_date ) values (2, 'Fiorile', PARSEDATETIME('20/12/2014','dd/MM/yyyy')   );
insert into movie_details (movie_id, movie_title,  release_date ) values (3, 'Las Vegas Story, The', PARSEDATETIME('03/03/2009','dd/MM/yyyy')   );
insert into movie_details (movie_id, movie_title,  release_date ) values (4, 'Asterix & Obelix: God Save Britannia ', PARSEDATETIME('28/09/2008','dd/MM/yyyy')   );
insert into movie_details (movie_id, movie_title,  release_date ) values (5, 'Mallrats', PARSEDATETIME('02/11/2001','dd/MM/yyyy')   );
insert into movie_details (movie_id, movie_title,  release_date ) values (6, 'Brainstorm', PARSEDATETIME('26/06/2003','dd/MM/yyyy')   );
insert into movie_details (movie_id, movie_title,  release_date ) values (7, 'Rock, Paper, Scissors: The Way of the Tosser', PARSEDATETIME('18/10/2017','dd/MM/yyyy')   );
insert into movie_details (movie_id, movie_title,  release_date ) values (8, 'Tommy', PARSEDATETIME('12/04/2000','dd/MM/yyyy')   );
insert into movie_details (movie_id, movie_title,  release_date ) values (9, 'Maximum Risk', PARSEDATETIME('13/05/2013','dd/MM/yyyy')   );
insert into movie_details (movie_id, movie_title,  release_date ) values (10, 'Meet Me at the Fair', PARSEDATETIME('22/11/2011','dd/MM/yyyy')   );
insert into movie_details (movie_id, movie_title,  release_date ) values (11, 'Line of Sight', PARSEDATETIME('27/01/2013','dd/MM/yyyy')   );
insert into movie_details (movie_id, movie_title,  release_date ) values (12, 'Love Letter, The', PARSEDATETIME('26/11/2010','dd/MM/yyyy')   );
insert into movie_details (movie_id, movie_title,  release_date ) values (13, 'Comfort of Strangers, The', PARSEDATETIME('22/10/2012','dd/MM/yyyy')   );
insert into movie_details (movie_id, movie_title,  release_date ) values (14, 'Takedown', PARSEDATETIME('14/11/2001','dd/MM/yyyy')   );
insert into movie_details (movie_id, movie_title,  release_date ) values (15, 'Marlowe', PARSEDATETIME('08/01/2010','dd/MM/yyyy')   );
insert into movie_details (movie_id, movie_title,  release_date ) values (16, 'Dave', PARSEDATETIME('12/06/2010','dd/MM/yyyy')   );
insert into movie_details (movie_id, movie_title,  release_date ) values (17, 'Man with Two Brains, The', PARSEDATETIME('16/04/2015','dd/MM/yyyy')   );
insert into movie_details (movie_id, movie_title,  release_date ) values (18, 'Tactical Force', PARSEDATETIME('27/07/2003','dd/MM/yyyy')   );
insert into movie_details (movie_id, movie_title,  release_date ) values (19, 'Fourth Kind, The', PARSEDATETIME('23/03/2010','dd/MM/yyyy')   );
insert into movie_details (movie_id, movie_title,  release_date ) values (20, 'Blonde Crazy', PARSEDATETIME('08/03/2004','dd/MM/yyyy')   );
insert into movie_details (movie_id, movie_title,  release_date ) values (21, 'Hunters, The', PARSEDATETIME('23/02/2009','dd/MM/yyyy')   );
insert into movie_details (movie_id, movie_title,  release_date ) values (22, 'Pillow Talk', PARSEDATETIME('17/02/2007','dd/MM/yyyy')   );
insert into movie_details (movie_id, movie_title,  release_date ) values (23, 'Boy Friend, The', PARSEDATETIME('06/11/1999','dd/MM/yyyy')   );
insert into movie_details (movie_id, movie_title,  release_date ) values (24, 'Bank Dick, The', PARSEDATETIME('11/04/2013','dd/MM/yyyy')   );
insert into movie_details (movie_id, movie_title,  release_date ) values (25, 'Project X', PARSEDATETIME('31/12/2004','dd/MM/yyyy')   );
insert into movie_details (movie_id, movie_title,  release_date ) values (26, 'Borgman', PARSEDATETIME('29/11/2015','dd/MM/yyyy')   );
insert into movie_details (movie_id, movie_title,  release_date ) values (27, 'That Certain Summer', PARSEDATETIME('11/04/2008','dd/MM/yyyy')   );
insert into movie_details (movie_id, movie_title,  release_date ) values (28, 'World According to Garp, The', PARSEDATETIME('06/07/2009','dd/MM/yyyy')   );
insert into movie_details (movie_id, movie_title,  release_date ) values (29, 'Passeio com Johnny Guitar', PARSEDATETIME('26/02/2009','dd/MM/yyyy')   );
insert into movie_details (movie_id, movie_title,  release_date ) values (30, 'Scott of the Antarctic', PARSEDATETIME('24/09/2004','dd/MM/yyyy')   );
insert into movie_details (movie_id, movie_title,  release_date ) values (31, 'Escapist, The', PARSEDATETIME('25/06/2012','dd/MM/yyyy')   );
insert into movie_details (movie_id, movie_title,  release_date ) values (32, 'Fighting Sullivans, The (Sullivans, The)', PARSEDATETIME('13/01/2010','dd/MM/yyyy')   );
insert into movie_details (movie_id, movie_title,  release_date ) values (33, 'Indie Game: The Movie', PARSEDATETIME('03/08/1999','dd/MM/yyyy')   );
insert into movie_details (movie_id, movie_title,  release_date ) values (34, 'Lola (Twinky) (London Affair)', PARSEDATETIME('26/02/2001','dd/MM/yyyy')   );
insert into movie_details (movie_id, movie_title,  release_date ) values (35, 'Scarecrow, The', PARSEDATETIME('12/10/2010','dd/MM/yyyy')   );
insert into movie_details (movie_id, movie_title,  release_date ) values (36, 'Nobody''s Children (I figli di nessuno)', PARSEDATETIME('02/10/1999','dd/MM/yyyy')   );
insert into movie_details (movie_id, movie_title,  release_date ) values (37, 'New Wave (Nouvelle vague)', PARSEDATETIME('22/06/2013','dd/MM/yyyy')   );
insert into movie_details (movie_id, movie_title,  release_date ) values (38, 'No Way to Treat a Lady', PARSEDATETIME('13/03/2010','dd/MM/yyyy')   );
insert into movie_details (movie_id, movie_title,  release_date ) values (39, 'Another Year', PARSEDATETIME('29/02/2012','dd/MM/yyyy')   );
insert into movie_details (movie_id, movie_title,  release_date ) values (40, 'In the Electric Mist', PARSEDATETIME('27/10/2015','dd/MM/yyyy')   );
insert into movie_details (movie_id, movie_title,  release_date ) values (41, 'Dog Park', PARSEDATETIME('27/06/2007','dd/MM/yyyy')   );
insert into movie_details (movie_id, movie_title,  release_date ) values (42, 'Walking with Prehistoric Beasts', PARSEDATETIME('22/12/2008','dd/MM/yyyy')   );
insert into movie_details (movie_id, movie_title,  release_date ) values (43, 'Nevada Smith', PARSEDATETIME('24/06/2015','dd/MM/yyyy')   );
insert into movie_details (movie_id, movie_title,  release_date ) values (44, 'Life Is Hot in Cracktown', PARSEDATETIME('20/07/2016','dd/MM/yyyy')   );
insert into movie_details (movie_id, movie_title,  release_date ) values (45, 'Girl by the Lake, The (La ragazza del lago)', PARSEDATETIME('21/03/2012','dd/MM/yyyy')   );
insert into movie_details (movie_id, movie_title,  release_date ) values (46, 'Goebbels Experiment', PARSEDATETIME('07/04/2012','dd/MM/yyyy')   );
insert into movie_details (movie_id, movie_title,  release_date ) values (47, 'Soapdish', PARSEDATETIME('29/02/2000','dd/MM/yyyy')   );
insert into movie_details (movie_id, movie_title,  release_date ) values (48, 'Return of the Killer Tomatoes!', PARSEDATETIME('26/11/2010','dd/MM/yyyy')   );
insert into movie_details (movie_id, movie_title,  release_date ) values (49, 'Best Man, The', PARSEDATETIME('03/10/2001','dd/MM/yyyy')   );
insert into movie_details (movie_id, movie_title,  release_date ) values (50, 'Sweetest Thing, The', PARSEDATETIME('10/02/2010','dd/MM/yyyy')   );
insert into movie_details (movie_id, movie_title,  release_date ) values (51, 'Adjust Your Tracking', PARSEDATETIME('06/10/2012','dd/MM/yyyy')   );
insert into movie_details (movie_id, movie_title,  release_date ) values (52, 'Bartok the Magnificent', PARSEDATETIME('02/12/2016','dd/MM/yyyy')   );
insert into movie_details (movie_id, movie_title,  release_date ) values (53, 'Marked Woman', PARSEDATETIME('05/08/2013','dd/MM/yyyy')   );
insert into movie_details (movie_id, movie_title,  release_date ) values (54, 'Jeanne and the Perfect Guy ', PARSEDATETIME('03/02/2013','dd/MM/yyyy')   );
insert into movie_details (movie_id, movie_title,  release_date ) values (55, 'Fatal Attraction', PARSEDATETIME('13/09/2013','dd/MM/yyyy')   );
insert into movie_details (movie_id, movie_title,  release_date ) values (56, 'Monk and the Fish, The (Le moine et le poisson)', PARSEDATETIME('30/07/2001','dd/MM/yyyy')   );
insert into movie_details (movie_id, movie_title,  release_date ) values (57, 'Árido Movie', PARSEDATETIME('03/02/2006','dd/MM/yyyy')   );
insert into movie_details (movie_id, movie_title,  release_date ) values (58, 'Any Day Now', PARSEDATETIME('14/06/2011','dd/MM/yyyy')   );
insert into movie_details (movie_id, movie_title,  release_date ) values (59, 'Thale', PARSEDATETIME('09/01/2005','dd/MM/yyyy')   );
insert into movie_details (movie_id, movie_title,  release_date ) values (60, 'Thirteen Conversations About One Thing ', PARSEDATETIME('25/09/2014','dd/MM/yyyy')   );
insert into movie_details (movie_id, movie_title,  release_date ) values (61, 'Guns at Batasi', PARSEDATETIME('14/03/2017','dd/MM/yyyy')   );
insert into movie_details (movie_id, movie_title,  release_date ) values (62, 'Food Matters', PARSEDATETIME('18/10/2013','dd/MM/yyyy')   );
insert into movie_details (movie_id, movie_title,  release_date ) values (63, 'Kamchatka', PARSEDATETIME('09/10/2015','dd/MM/yyyy')   );
insert into movie_details (movie_id, movie_title,  release_date ) values (64, 'Best Man Holiday, The', PARSEDATETIME('06/07/2001','dd/MM/yyyy')   );
insert into movie_details (movie_id, movie_title,  release_date ) values (65, 'Fly Away Home', PARSEDATETIME('20/08/2011','dd/MM/yyyy')   );
insert into movie_details (movie_id, movie_title,  release_date ) values (66, 'Gas, Inspector Palmu! (Kaasua, komisario Palmu!)', PARSEDATETIME('16/07/2007','dd/MM/yyyy')   );
insert into movie_details (movie_id, movie_title,  release_date ) values (67, 'Moscow on the Hudson', PARSEDATETIME('14/10/2002','dd/MM/yyyy')   );
insert into movie_details (movie_id, movie_title,  release_date ) values (68, 'Pervert''s Guide to Ideology, The', PARSEDATETIME('02/11/2006','dd/MM/yyyy')   );
insert into movie_details (movie_id, movie_title,  release_date ) values (69, 'Amen.', PARSEDATETIME('30/03/2008','dd/MM/yyyy')   );
insert into movie_details (movie_id, movie_title,  release_date ) values (70, 'Generation War', PARSEDATETIME('11/02/2012','dd/MM/yyyy')   );
insert into movie_details (movie_id, movie_title,  release_date ) values (71, 'Bread and Alley (Nan va Koutcheh)', PARSEDATETIME('11/07/2015','dd/MM/yyyy')   );
insert into movie_details (movie_id, movie_title,  release_date ) values (72, 'If a Man Answers', PARSEDATETIME('07/05/2009','dd/MM/yyyy')   );
insert into movie_details (movie_id, movie_title,  release_date ) values (73, 'Pirates of the Caribbean: Dead Man''s Chest', PARSEDATETIME('03/02/2017','dd/MM/yyyy')   );
insert into movie_details (movie_id, movie_title,  release_date ) values (74, '''Til There Was You', PARSEDATETIME('01/01/2005','dd/MM/yyyy')   );
insert into movie_details (movie_id, movie_title,  release_date ) values (75, 'Petrified Forest, The', PARSEDATETIME('04/12/2007','dd/MM/yyyy')   );
insert into movie_details (movie_id, movie_title,  release_date ) values (76, 'Bachelor Party Vegas', PARSEDATETIME('28/12/2004','dd/MM/yyyy')   );
insert into movie_details (movie_id, movie_title,  release_date ) values (77, 'Steel Dawn', PARSEDATETIME('21/05/2011','dd/MM/yyyy')   );
insert into movie_details (movie_id, movie_title,  release_date ) values (78, 'Another Me', PARSEDATETIME('21/02/2015','dd/MM/yyyy')   );
insert into movie_details (movie_id, movie_title,  release_date ) values (79, 'Drive Hard', PARSEDATETIME('01/05/2016','dd/MM/yyyy')   );
insert into movie_details (movie_id, movie_title,  release_date ) values (80, 'Prize of Peril, The (Prix du danger, Le)', PARSEDATETIME('23/01/2006','dd/MM/yyyy')   );
insert into movie_details (movie_id, movie_title,  release_date ) values (81, 'Enough', PARSEDATETIME('22/09/2012','dd/MM/yyyy')   );
insert into movie_details (movie_id, movie_title,  release_date ) values (82, 'Crazies, The', PARSEDATETIME('11/03/1999','dd/MM/yyyy')   );
insert into movie_details (movie_id, movie_title,  release_date ) values (83, 'Novena, The (La neuvaine)', PARSEDATETIME('13/11/1999','dd/MM/yyyy')   );
insert into movie_details (movie_id, movie_title,  release_date ) values (84, 'Woman of Affairs, A', PARSEDATETIME('17/09/2010','dd/MM/yyyy')   );
insert into movie_details (movie_id, movie_title,  release_date ) values (85, 'Dirty Dancing: Havana Nights', PARSEDATETIME('22/10/2013','dd/MM/yyyy')   );
insert into movie_details (movie_id, movie_title,  release_date ) values (86, 'First Love (Primo Amore)', PARSEDATETIME('31/07/2007','dd/MM/yyyy')   );
insert into movie_details (movie_id, movie_title,  release_date ) values (87, 'All That... for This?!', PARSEDATETIME('04/03/2015','dd/MM/yyyy')   );
insert into movie_details (movie_id, movie_title,  release_date ) values (88, 'Romancing the Stone', PARSEDATETIME('25/05/2001','dd/MM/yyyy')   );
insert into movie_details (movie_id, movie_title,  release_date ) values (89, 'Sunes sommar', PARSEDATETIME('15/05/2016','dd/MM/yyyy')   );
insert into movie_details (movie_id, movie_title,  release_date ) values (90, 'Rx', PARSEDATETIME('21/07/2013','dd/MM/yyyy')   );
insert into movie_details (movie_id, movie_title,  release_date ) values (91, 'Swamp, The (Ciénaga, La)', PARSEDATETIME('05/09/2009','dd/MM/yyyy')   );
insert into movie_details (movie_id, movie_title,  release_date ) values (92, 'League of Extraordinary Gentlemen', PARSEDATETIME('23/12/2010','dd/MM/yyyy')   );
insert into movie_details (movie_id, movie_title,  release_date ) values (93, 'Popatopolis', PARSEDATETIME('13/08/2002','dd/MM/yyyy')   );
insert into movie_details (movie_id, movie_title,  release_date ) values (94, 'Age of the Dragons', PARSEDATETIME('08/12/2014','dd/MM/yyyy')   );
insert into movie_details (movie_id, movie_title,  release_date ) values (95, 'Salt of the Earth', PARSEDATETIME('03/06/2007','dd/MM/yyyy')   );
insert into movie_details (movie_id, movie_title,  release_date ) values (96, 'Sorority Wars', PARSEDATETIME('06/11/2015','dd/MM/yyyy')   );
insert into movie_details (movie_id, movie_title,  release_date ) values (97, 'First Power, The', PARSEDATETIME('19/11/2002','dd/MM/yyyy')   );
insert into movie_details (movie_id, movie_title,  release_date ) values (98, 'Linsanity', PARSEDATETIME('15/12/2009','dd/MM/yyyy')   );
insert into movie_details (movie_id, movie_title,  release_date ) values (99, 'Turbo', PARSEDATETIME('25/11/2016','dd/MM/yyyy')   );
insert into movie_details (movie_id, movie_title,  release_date ) values (100, 'Littlerock', PARSEDATETIME('25/08/2008','dd/MM/yyyy')   );



insert into reviews (review_id, movie_id, comments, rating) values (1, 1, 'ac lobortis vel', 7.0);
insert into reviews (review_id, movie_id, comments, rating) values (2, 1, 'sit amet', 9.9);
insert into reviews (review_id, movie_id, comments, rating) values (3, 2, 'et commodo', 9.4);
insert into reviews (review_id, movie_id, comments, rating) values (4, 2, 'nec molestie', 5.7);
insert into reviews (review_id, movie_id, comments, rating) values (5, 3, 'pellentesque volutpat dui', 6.9);
insert into reviews (review_id, movie_id, comments, rating) values (6, 3, 'magnis dis parturient montes', 8.6);
insert into reviews (review_id, movie_id, comments, rating) values (7, 4, 'ligula nec sem', 4.5);
insert into reviews (review_id, movie_id, comments, rating) values (8, 4, 'imperdiet et', 5.2);
insert into reviews (review_id, movie_id, comments, rating) values (9, 5, 'pede libero', 6.0);
insert into reviews (review_id, movie_id, comments, rating) values (10, 5, 'at ipsum', 6.2);
insert into reviews (review_id, movie_id, comments, rating) values (11, 6, 'lacinia nisi venenatis tristique', 5.5);
insert into reviews (review_id, movie_id, comments, rating) values (12, 6, 'quis libero nullam sit', 5.1);
insert into reviews (review_id, movie_id, comments, rating) values (13, 7, 'at velit vivamus vel', 6.7);
insert into reviews (review_id, movie_id, comments, rating) values (14, 7, 'nisl aenean', 2.1);
insert into reviews (review_id, movie_id, comments, rating) values (15, 8, 'pellentesque at nulla suspendisse', 0.7);
insert into reviews (review_id, movie_id, comments, rating) values (16, 8, 'enim sit', 9.7);
insert into reviews (review_id, movie_id, comments, rating) values (17, 9, 'ipsum primis in faucibus', 8.3);
insert into reviews (review_id, movie_id, comments, rating) values (18, 9, 'maecenas ut massa quis', 1.3);
insert into reviews (review_id, movie_id, comments, rating) values (19, 10, 'habitasse platea dictumst aliquam augue', 3.9);
insert into reviews (review_id, movie_id, comments, rating) values (20, 10, 'ornare imperdiet sapien urna', 6.5);
insert into reviews (review_id, movie_id, comments, rating) values (21, 11, 'nulla suscipit', 7.9);
insert into reviews (review_id, movie_id, comments, rating) values (22, 11, 'enim in tempor turpis nec', 6.7);
insert into reviews (review_id, movie_id, comments, rating) values (23, 12, 'diam nam tristique', 10.0);
insert into reviews (review_id, movie_id, comments, rating) values (24, 12, 'quis orci', 6.1);
insert into reviews (review_id, movie_id, comments, rating) values (25, 13, 'leo odio condimentum', 8.9);
insert into reviews (review_id, movie_id, comments, rating) values (26, 13, 'enim blandit mi in porttitor', 0.8);
insert into reviews (review_id, movie_id, comments, rating) values (27, 14, 'pellentesque ultrices', 5.4);
insert into reviews (review_id, movie_id, comments, rating) values (28, 14, 'sed vel enim sit', 6.1);
insert into reviews (review_id, movie_id, comments, rating) values (29, 15, 'at nulla suspendisse', 0.8);
insert into reviews (review_id, movie_id, comments, rating) values (30, 15, 'ultrices mattis', 1.4);
insert into reviews (review_id, movie_id, comments, rating) values (31, 16, 'tortor duis mattis', 5.5);
insert into reviews (review_id, movie_id, comments, rating) values (32, 16, 'ac consequat metus sapien ut', 0.1);
insert into reviews (review_id, movie_id, comments, rating) values (33, 17, 'vel lectus', 6.7);
insert into reviews (review_id, movie_id, comments, rating) values (34, 17, 'primis in', 6.9);
insert into reviews (review_id, movie_id, comments, rating) values (35, 18, 'nulla ac enim in tempor', 2.8);
insert into reviews (review_id, movie_id, comments, rating) values (36, 18, 'in tempor turpis nec euismod', 4.6);
insert into reviews (review_id, movie_id, comments, rating) values (37, 19, 'sit amet cursus id', 7.0);
insert into reviews (review_id, movie_id, comments, rating) values (38, 19, 'vestibulum rutrum rutrum neque aenean', 6.3);
insert into reviews (review_id, movie_id, comments, rating) values (39, 20, 'hac habitasse platea', 9.2);
insert into reviews (review_id, movie_id, comments, rating) values (40, 20, 'in imperdiet et', 7.3);
insert into reviews (review_id, movie_id, comments, rating) values (41, 21, 'arcu adipiscing', 1.6);
insert into reviews (review_id, movie_id, comments, rating) values (42, 21, 'venenatis turpis enim blandit', 2.7);
insert into reviews (review_id, movie_id, comments, rating) values (43, 22, 'morbi sem mauris laoreet ut', 9.9);
insert into reviews (review_id, movie_id, comments, rating) values (44, 22, 'montes nascetur ridiculus mus', 3.2);
insert into reviews (review_id, movie_id, comments, rating) values (45, 23, 'porttitor lorem', 6.8);
insert into reviews (review_id, movie_id, comments, rating) values (46, 23, 'in hac', 9.8);
insert into reviews (review_id, movie_id, comments, rating) values (47, 24, 'id nisl venenatis', 4.8);
insert into reviews (review_id, movie_id, comments, rating) values (48, 24, 'vitae quam suspendisse', 2.4);
insert into reviews (review_id, movie_id, comments, rating) values (49, 25, 'dictumst etiam faucibus cursus', 9.8);
insert into reviews (review_id, movie_id, comments, rating) values (50, 25, 'interdum in ante vestibulum', 1.0);
insert into reviews (review_id, movie_id, comments, rating) values (51, 26, 'risus semper porta', 0.1);
insert into reviews (review_id, movie_id, comments, rating) values (52, 26, 'ipsum primis', 9.5);
insert into reviews (review_id, movie_id, comments, rating) values (53, 27, 'tortor id nulla ultrices', 5.5);
insert into reviews (review_id, movie_id, comments, rating) values (54, 27, 'platea dictumst maecenas ut', 1.7);
insert into reviews (review_id, movie_id, comments, rating) values (55, 28, 'nullam sit amet', 9.5);
insert into reviews (review_id, movie_id, comments, rating) values (56, 28, 'dolor sit amet consectetuer', 3.7);
insert into reviews (review_id, movie_id, comments, rating) values (57, 29, 'duis bibendum morbi non quam', 3.9);
insert into reviews (review_id, movie_id, comments, rating) values (58, 29, 'molestie sed justo pellentesque', 7.7);
insert into reviews (review_id, movie_id, comments, rating) values (59, 30, 'risus semper porta', 3.3);
insert into reviews (review_id, movie_id, comments, rating) values (60, 30, 'sed augue aliquam erat', 9.0);
insert into reviews (review_id, movie_id, comments, rating) values (61, 31, 'vivamus vestibulum sagittis', 5.6);
insert into reviews (review_id, movie_id, comments, rating) values (62, 31, 'in porttitor pede justo', 9.8);
insert into reviews (review_id, movie_id, comments, rating) values (63, 32, 'etiam faucibus', 1.4);
insert into reviews (review_id, movie_id, comments, rating) values (64, 32, 'neque vestibulum', 0.1);
insert into reviews (review_id, movie_id, comments, rating) values (65, 33, 'fusce congue diam id ornare', 6.4);
insert into reviews (review_id, movie_id, comments, rating) values (66, 33, 'dolor morbi vel', 1.4);
insert into reviews (review_id, movie_id, comments, rating) values (67, 34, 'sapien non', 3.8);
insert into reviews (review_id, movie_id, comments, rating) values (68, 34, 'sed tincidunt', 2.1);
insert into reviews (review_id, movie_id, comments, rating) values (69, 35, 'nibh ligula nec sem duis', 8.1);
insert into reviews (review_id, movie_id, comments, rating) values (70, 35, 'ultrices aliquet maecenas leo', 4.3);
insert into reviews (review_id, movie_id, comments, rating) values (71, 36, 'convallis nunc proin at turpis', 4.1);
insert into reviews (review_id, movie_id, comments, rating) values (72, 36, 'dolor sit amet consectetuer', 6.5);
insert into reviews (review_id, movie_id, comments, rating) values (73, 37, 'eu magna vulputate luctus', 7.1);
insert into reviews (review_id, movie_id, comments, rating) values (74, 37, 'purus sit amet', 4.5);
insert into reviews (review_id, movie_id, comments, rating) values (75, 38, 'ut dolor', 1.0);
insert into reviews (review_id, movie_id, comments, rating) values (76, 38, 'quis justo maecenas rhoncus', 4.3);
insert into reviews (review_id, movie_id, comments, rating) values (77, 39, 'pretium quis', 5.5);
insert into reviews (review_id, movie_id, comments, rating) values (78, 39, 'non quam', 0.5);
insert into reviews (review_id, movie_id, comments, rating) values (79, 40, 'augue a suscipit nulla elit', 5.1);
insert into reviews (review_id, movie_id, comments, rating) values (80, 40, 'imperdiet nullam', 0.1);
insert into reviews (review_id, movie_id, comments, rating) values (81, 41, 'nisi venenatis tristique fusce', 3.4);
insert into reviews (review_id, movie_id, comments, rating) values (82, 41, 'felis sed interdum', 8.1);
insert into reviews (review_id, movie_id, comments, rating) values (83, 42, 'vivamus vestibulum sagittis', 8.2);
insert into reviews (review_id, movie_id, comments, rating) values (84, 42, 'donec ut mauris', 3.4);
insert into reviews (review_id, movie_id, comments, rating) values (85, 43, 'nulla facilisi', 9.6);
insert into reviews (review_id, movie_id, comments, rating) values (86, 43, 'sit amet sapien dignissim', 8.5);
insert into reviews (review_id, movie_id, comments, rating) values (87, 44, 'accumsan tellus nisi eu', 7.7);
insert into reviews (review_id, movie_id, comments, rating) values (88, 44, 'scelerisque mauris sit', 8.7);
insert into reviews (review_id, movie_id, comments, rating) values (89, 45, 'nisl ut', 0.1);
insert into reviews (review_id, movie_id, comments, rating) values (90, 45, 'justo maecenas', 8.9);
insert into reviews (review_id, movie_id, comments, rating) values (91, 46, 'proin leo odio porttitor', 4.1);
insert into reviews (review_id, movie_id, comments, rating) values (92, 46, 'sit amet eleifend pede libero', 2.0);
insert into reviews (review_id, movie_id, comments, rating) values (93, 47, 'eleifend quam a', 5.4);
insert into reviews (review_id, movie_id, comments, rating) values (94, 47, 'vehicula consequat morbi', 9.3);
insert into reviews (review_id, movie_id, comments, rating) values (95, 48, 'in eleifend quam', 6.5);
insert into reviews (review_id, movie_id, comments, rating) values (96, 48, 'sollicitudin mi', 6.0);
insert into reviews (review_id, movie_id, comments, rating) values (97, 49, 'sit amet nunc', 9.4);
insert into reviews (review_id, movie_id, comments, rating) values (98, 49, 'lorem ipsum dolor sit amet', 8.0);
insert into reviews (review_id, movie_id, comments, rating) values (99, 50, 'aliquam quis turpis', 8.2);
insert into reviews (review_id, movie_id, comments, rating) values (100, 50, 'ultrices posuere cubilia curae', 3.0);
insert into reviews (review_id, movie_id, comments, rating) values (101, 51, 'pede ac diam cras', 9.1);
insert into reviews (review_id, movie_id, comments, rating) values (102, 51, 'suscipit a feugiat et eros', 9.0);
insert into reviews (review_id, movie_id, comments, rating) values (103, 52, 'suspendisse potenti in eleifend quam', 2.2);
insert into reviews (review_id, movie_id, comments, rating) values (104, 52, 'posuere nonummy', 9.4);
insert into reviews (review_id, movie_id, comments, rating) values (105, 53, 'nulla suspendisse potenti', 4.1);
insert into reviews (review_id, movie_id, comments, rating) values (106, 53, 'at velit', 0.1);
insert into reviews (review_id, movie_id, comments, rating) values (107, 54, 'ipsum dolor sit amet', 3.5);
insert into reviews (review_id, movie_id, comments, rating) values (108, 54, 'vestibulum proin eu mi nulla', 8.7);
insert into reviews (review_id, movie_id, comments, rating) values (109, 55, 'faucibus orci', 6.7);
insert into reviews (review_id, movie_id, comments, rating) values (110, 55, 'volutpat in', 6.1);
insert into reviews (review_id, movie_id, comments, rating) values (111, 56, 'molestie sed justo pellentesque', 7.4);
insert into reviews (review_id, movie_id, comments, rating) values (112, 56, 'semper porta', 4.8);
insert into reviews (review_id, movie_id, comments, rating) values (113, 57, 'nulla elit ac', 8.5);
insert into reviews (review_id, movie_id, comments, rating) values (114, 57, 'viverra dapibus nulla suscipit ligula', 0.3);
insert into reviews (review_id, movie_id, comments, rating) values (115, 58, 'vitae nisi nam ultrices', 9.2);
insert into reviews (review_id, movie_id, comments, rating) values (116, 58, 'ut erat', 0.4);
insert into reviews (review_id, movie_id, comments, rating) values (117, 59, 'augue aliquam erat volutpat', 4.6);
insert into reviews (review_id, movie_id, comments, rating) values (118, 59, 'at lorem integer tincidunt', 1.8);
insert into reviews (review_id, movie_id, comments, rating) values (119, 60, 'lorem id ligula suspendisse', 4.3);
insert into reviews (review_id, movie_id, comments, rating) values (120, 60, 'vel dapibus', 5.1);
insert into reviews (review_id, movie_id, comments, rating) values (121, 61, 'turpis donec posuere metus', 8.0);
insert into reviews (review_id, movie_id, comments, rating) values (122, 61, 'ligula pellentesque', 2.8);
insert into reviews (review_id, movie_id, comments, rating) values (123, 62, 'eget rutrum at lorem', 4.5);
insert into reviews (review_id, movie_id, comments, rating) values (124, 62, 'id ornare imperdiet sapien urna', 8.1);
insert into reviews (review_id, movie_id, comments, rating) values (125, 63, 'ipsum dolor sit amet', 6.6);
insert into reviews (review_id, movie_id, comments, rating) values (126, 63, 'mi pede malesuada in imperdiet', 9.0);
insert into reviews (review_id, movie_id, comments, rating) values (127, 64, 'vitae nisi nam ultrices', 7.7);
insert into reviews (review_id, movie_id, comments, rating) values (128, 64, 'augue luctus tincidunt nulla', 9.6);
insert into reviews (review_id, movie_id, comments, rating) values (129, 65, 'semper sapien a libero nam', 8.8);
insert into reviews (review_id, movie_id, comments, rating) values (130, 65, 'pretium iaculis justo', 8.6);
insert into reviews (review_id, movie_id, comments, rating) values (131, 66, 'blandit non interdum in ante', 9.9);
insert into reviews (review_id, movie_id, comments, rating) values (132, 66, 'vel est donec odio justo', 2.5);
insert into reviews (review_id, movie_id, comments, rating) values (133, 67, 'pretium quis lectus', 0.1);
insert into reviews (review_id, movie_id, comments, rating) values (134, 67, 'eros vestibulum', 1.7);
insert into reviews (review_id, movie_id, comments, rating) values (135, 68, 'cum sociis natoque penatibus et', 8.0);
insert into reviews (review_id, movie_id, comments, rating) values (136, 68, 'varius integer', 6.8);
insert into reviews (review_id, movie_id, comments, rating) values (137, 69, 'tortor risus dapibus', 8.1);
insert into reviews (review_id, movie_id, comments, rating) values (138, 69, 'lacinia aenean sit', 5.7);
insert into reviews (review_id, movie_id, comments, rating) values (139, 70, 'sagittis nam congue risus', 4.0);
insert into reviews (review_id, movie_id, comments, rating) values (140, 70, 'libero rutrum ac', 3.3);
insert into reviews (review_id, movie_id, comments, rating) values (141, 71, 'diam cras', 6.6);
insert into reviews (review_id, movie_id, comments, rating) values (142, 71, 'accumsan odio curabitur', 8.6);
insert into reviews (review_id, movie_id, comments, rating) values (143, 72, 'interdum mauris ullamcorper purus', 9.7);
insert into reviews (review_id, movie_id, comments, rating) values (144, 72, 'ut erat id mauris', 1.2);
insert into reviews (review_id, movie_id, comments, rating) values (145, 73, 'tempor convallis nulla neque', 0.7);
insert into reviews (review_id, movie_id, comments, rating) values (146, 73, 'morbi vestibulum velit id', 8.9);
insert into reviews (review_id, movie_id, comments, rating) values (147, 74, 'malesuada in imperdiet et commodo', 5.1);
insert into reviews (review_id, movie_id, comments, rating) values (148, 74, 'integer a nibh in', 0.2);
insert into reviews (review_id, movie_id, comments, rating) values (149, 75, 'ut massa volutpat convallis morbi', 3.5);
insert into reviews (review_id, movie_id, comments, rating) values (150, 75, 'primis in', 7.7);
insert into reviews (review_id, movie_id, comments, rating) values (151, 76, 'ante vivamus tortor duis mattis', 2.9);
insert into reviews (review_id, movie_id, comments, rating) values (152, 76, 'ut massa volutpat convallis morbi', 1.9);
insert into reviews (review_id, movie_id, comments, rating) values (153, 77, 'tortor id', 8.4);
insert into reviews (review_id, movie_id, comments, rating) values (154, 77, 'feugiat non pretium quis', 2.7);
insert into reviews (review_id, movie_id, comments, rating) values (155, 78, 'diam erat', 4.0);
insert into reviews (review_id, movie_id, comments, rating) values (156, 78, 'nulla sed accumsan', 3.8);
insert into reviews (review_id, movie_id, comments, rating) values (157, 79, 'dui nec nisi volutpat eleifend', 1.4);
insert into reviews (review_id, movie_id, comments, rating) values (158, 79, 'elementum pellentesque quisque', 5.7);
insert into reviews (review_id, movie_id, comments, rating) values (159, 80, 'turpis integer aliquet massa', 0.8);
insert into reviews (review_id, movie_id, comments, rating) values (160, 80, 'cursus urna', 3.2);
insert into reviews (review_id, movie_id, comments, rating) values (161, 81, 'risus semper porta volutpat', 3.5);
insert into reviews (review_id, movie_id, comments, rating) values (162, 81, 'congue eget', 6.5);
insert into reviews (review_id, movie_id, comments, rating) values (163, 82, 'libero quis orci', 2.4);
insert into reviews (review_id, movie_id, comments, rating) values (164, 82, 'tortor duis mattis', 2.3);
insert into reviews (review_id, movie_id, comments, rating) values (165, 83, 'pharetra magna vestibulum', 7.9);
insert into reviews (review_id, movie_id, comments, rating) values (166, 83, 'mauris viverra diam vitae', 9.0);
insert into reviews (review_id, movie_id, comments, rating) values (167, 84, 'at ipsum ac tellus', 2.5);
insert into reviews (review_id, movie_id, comments, rating) values (168, 84, 'turpis elementum ligula vehicula', 1.6);
insert into reviews (review_id, movie_id, comments, rating) values (169, 85, 'ac tellus semper', 6.6);
insert into reviews (review_id, movie_id, comments, rating) values (170, 85, 'in congue', 8.0);
insert into reviews (review_id, movie_id, comments, rating) values (171, 86, 'sapien arcu sed augue', 6.1);
insert into reviews (review_id, movie_id, comments, rating) values (172, 86, 'parturient montes nascetur ridiculus mus', 8.2);
insert into reviews (review_id, movie_id, comments, rating) values (173, 87, 'iaculis congue vivamus metus arcu', 1.6);
insert into reviews (review_id, movie_id, comments, rating) values (174, 87, 'aliquet maecenas leo', 2.1);
insert into reviews (review_id, movie_id, comments, rating) values (175, 88, 'aliquam quis', 6.9);
insert into reviews (review_id, movie_id, comments, rating) values (176, 88, 'sit amet justo', 4.0);
insert into reviews (review_id, movie_id, comments, rating) values (177, 89, 'libero nullam', 0.1);
insert into reviews (review_id, movie_id, comments, rating) values (178, 89, 'nisi nam', 4.0);
insert into reviews (review_id, movie_id, comments, rating) values (179, 90, 'sit amet justo morbi ut', 0.0);
insert into reviews (review_id, movie_id, comments, rating) values (180, 90, 'tempus semper est', 0.7);
insert into reviews (review_id, movie_id, comments, rating) values (181, 91, 'purus phasellus in felis donec', 9.1);
insert into reviews (review_id, movie_id, comments, rating) values (182, 91, 'convallis morbi odio odio', 9.6);
insert into reviews (review_id, movie_id, comments, rating) values (183, 92, 'gravida sem praesent id massa', 5.0);
insert into reviews (review_id, movie_id, comments, rating) values (184, 92, 'sagittis dui vel', 8.1);
insert into reviews (review_id, movie_id, comments, rating) values (185, 93, 'consequat ut nulla', 9.6);
insert into reviews (review_id, movie_id, comments, rating) values (186, 93, 'at dolor quis odio', 2.1);
insert into reviews (review_id, movie_id, comments, rating) values (187, 94, 'vitae nisi nam', 5.7);
insert into reviews (review_id, movie_id, comments, rating) values (188, 94, 'lobortis vel dapibus', 0.4);
insert into reviews (review_id, movie_id, comments, rating) values (189, 95, 'mauris viverra', 0.9);
insert into reviews (review_id, movie_id, comments, rating) values (190, 95, 'maecenas tristique est', 7.3);
insert into reviews (review_id, movie_id, comments, rating) values (191, 96, 'in magna bibendum imperdiet', 6.2);
insert into reviews (review_id, movie_id, comments, rating) values (192, 96, 'lacinia sapien quis', 1.4);
insert into reviews (review_id, movie_id, comments, rating) values (193, 97, 'ante vel', 2.2);
insert into reviews (review_id, movie_id, comments, rating) values (194, 97, 'adipiscing elit', 3.0);
insert into reviews (review_id, movie_id, comments, rating) values (195, 98, 'vel nisl', 2.0);
insert into reviews (review_id, movie_id, comments, rating) values (196, 98, 'odio donec vitae nisi', 5.9);
insert into reviews (review_id, movie_id, comments, rating) values (197, 99, 'dapibus nulla suscipit', 8.5);
insert into reviews (review_id, movie_id, comments, rating) values (198, 99, 'diam vitae quam suspendisse potenti', 3.6);
insert into reviews (review_id, movie_id, comments, rating) values (199, 100, 'suspendisse potenti cras in purus', 6.7);
insert into reviews (review_id, movie_id, comments, rating) values (200, 100, 'enim leo rhoncus sed vestibulum', 7.1);



insert into shows (show_id, movie_id, cinema,  timing,  class) values (1, 1, 'Murça',  PARSEDATETIME( '2:00', 'hh:mm')  ,  'third');
insert into shows (show_id, movie_id, cinema,  timing,  class) values (2, 1, 'Tiblawan',  PARSEDATETIME( '8:11', 'hh:mm')  ,  'third');
insert into shows (show_id, movie_id, cinema,  timing,  class) values (3, 1, 'Wuluo',  PARSEDATETIME( '0:53', 'hh:mm')  , 'second');
insert into shows (show_id, movie_id, cinema,  timing,  class) values (4, 2, 'Ciudad Barrios',  PARSEDATETIME( '10:30', 'hh:mm')  , 'second');
insert into shows (show_id, movie_id, cinema,  timing,  class) values (5, 2, 'Yajiwa',  PARSEDATETIME( '14:00', 'hh:mm')  , 'second');
insert into shows (show_id, movie_id, cinema,  timing,  class) values (6, 2, 'Tucheng',  PARSEDATETIME( '14:19', 'hh:mm')  ,  'first');
insert into shows (show_id, movie_id, cinema,  timing,  class) values (7, 3, 'Parigi',  PARSEDATETIME( '5:24', 'hh:mm')  ,  'third');
insert into shows (show_id, movie_id, cinema,  timing,  class) values (8, 3, 'Tanenofunan',  PARSEDATETIME( '16:03', 'hh:mm')  , 'second');
insert into shows (show_id, movie_id, cinema,  timing,  class) values (9, 3, 'Choca do Mar',  PARSEDATETIME( '16:08', 'hh:mm')  ,  'first');
insert into shows (show_id, movie_id, cinema,  timing,  class) values (10, 4, 'Shah Alam',  PARSEDATETIME( '13:26', 'hh:mm')  ,  'first');
insert into shows (show_id, movie_id, cinema,  timing,  class) values (11, 4, 'Changdai',  PARSEDATETIME( '16:17', 'hh:mm')  ,  'third');
insert into shows (show_id, movie_id, cinema,  timing,  class) values (12, 4, 'Horodne',  PARSEDATETIME( '2:22', 'hh:mm')  ,  'first');
insert into shows (show_id, movie_id, cinema,  timing,  class) values (13, 5, 'Jishi',  PARSEDATETIME( '6:34', 'hh:mm')  ,  'first');
insert into shows (show_id, movie_id, cinema,  timing,  class) values (14, 5, 'Bununu Dass',  PARSEDATETIME( '14:14', 'hh:mm')  ,  'first');
insert into shows (show_id, movie_id, cinema,  timing,  class) values (15, 5, 'Sanfins',  PARSEDATETIME( '10:27', 'hh:mm')  ,  'first');
insert into shows (show_id, movie_id, cinema,  timing,  class) values (16, 6, 'Cimanggu',  PARSEDATETIME( '23:44', 'hh:mm')  ,  'first');
insert into shows (show_id, movie_id, cinema,  timing,  class) values (17, 6, 'Uritsk',  PARSEDATETIME( '6:46', 'hh:mm')  , 'second');
insert into shows (show_id, movie_id, cinema,  timing,  class) values (18, 6, 'Kréstena',  PARSEDATETIME( '11:49', 'hh:mm')  ,  'third');
insert into shows (show_id, movie_id, cinema,  timing,  class) values (19, 7, 'Javarthushuu',  PARSEDATETIME( '10:31', 'hh:mm')  ,  'third');
insert into shows (show_id, movie_id, cinema,  timing,  class) values (20, 7, 'Firmat',  PARSEDATETIME( '6:31', 'hh:mm')  ,  'first');
insert into shows (show_id, movie_id, cinema,  timing,  class) values (21, 7, 'Otjimbingwe',  PARSEDATETIME( '9:57', 'hh:mm')  ,  'first');
insert into shows (show_id, movie_id, cinema,  timing,  class) values (22, 8, 'Arísvi',  PARSEDATETIME( '1:03', 'hh:mm')  ,  'third');
insert into shows (show_id, movie_id, cinema,  timing,  class) values (23, 8, 'Guanzhuang',  PARSEDATETIME( '14:14', 'hh:mm')  ,  'first');
insert into shows (show_id, movie_id, cinema,  timing,  class) values (24, 8, 'Uruzgān',  PARSEDATETIME( '20:43', 'hh:mm')  ,  'third');
insert into shows (show_id, movie_id, cinema,  timing,  class) values (25, 9, 'Kontiolahti',  PARSEDATETIME( '4:59', 'hh:mm')  , 'second');
insert into shows (show_id, movie_id, cinema,  timing,  class) values (26, 9, 'Anyang',  PARSEDATETIME( '12:23', 'hh:mm')  , 'second');
insert into shows (show_id, movie_id, cinema,  timing,  class) values (27, 9, 'Tambarangan',  PARSEDATETIME( '4:47', 'hh:mm')  ,  'third');
insert into shows (show_id, movie_id, cinema,  timing,  class) values (28, 10, 'San Mateo',  PARSEDATETIME( '23:46', 'hh:mm')  ,  'first');
insert into shows (show_id, movie_id, cinema,  timing,  class) values (29, 10, 'Shiguai',  PARSEDATETIME( '22:25', 'hh:mm')  , 'second');
insert into shows (show_id, movie_id, cinema,  timing,  class) values (30, 10, 'Arapiraca',  PARSEDATETIME( '2:34', 'hh:mm')  , 'second');
insert into shows (show_id, movie_id, cinema,  timing,  class) values (31, 11, 'Ketara',  PARSEDATETIME( '7:13', 'hh:mm')  ,  'third');
insert into shows (show_id, movie_id, cinema,  timing,  class) values (32, 11, 'Guder',  PARSEDATETIME( '10:22', 'hh:mm')  , 'second');
insert into shows (show_id, movie_id, cinema,  timing,  class) values (33, 11, 'Sagara',  PARSEDATETIME( '12:08', 'hh:mm')  , 'second');
insert into shows (show_id, movie_id, cinema,  timing,  class) values (34, 12, 'München',  PARSEDATETIME( '10:33', 'hh:mm')  ,  'third');
insert into shows (show_id, movie_id, cinema,  timing,  class) values (35, 12, 'Velyka Bilozerka',  PARSEDATETIME( '21:07', 'hh:mm')  ,  'third');
insert into shows (show_id, movie_id, cinema,  timing,  class) values (36, 12, 'Choujiang',  PARSEDATETIME( '9:07', 'hh:mm')  ,  'first');
insert into shows (show_id, movie_id, cinema,  timing,  class) values (37, 13, 'Banyubang',  PARSEDATETIME( '21:56', 'hh:mm')  ,  'first');
insert into shows (show_id, movie_id, cinema,  timing,  class) values (38, 13, 'Al ‘Awjah',  PARSEDATETIME( '0:06', 'hh:mm')  ,  'first');
insert into shows (show_id, movie_id, cinema,  timing,  class) values (39, 13, 'Stradbally',  PARSEDATETIME( '6:44', 'hh:mm')  , 'second');
insert into shows (show_id, movie_id, cinema,  timing,  class) values (40, 14, 'Osasco',  PARSEDATETIME( '9:59', 'hh:mm')  ,  'first');
insert into shows (show_id, movie_id, cinema,  timing,  class) values (41, 14, 'Mozelos',  PARSEDATETIME( '16:13', 'hh:mm')  , 'second');
insert into shows (show_id, movie_id, cinema,  timing,  class) values (42, 14, 'Vendychany',  PARSEDATETIME( '22:28', 'hh:mm')  , 'second');
insert into shows (show_id, movie_id, cinema,  timing,  class) values (43, 15, 'Aix-en-Provence',  PARSEDATETIME( '11:36', 'hh:mm')  , 'second');
insert into shows (show_id, movie_id, cinema,  timing,  class) values (44, 15, 'Labuhankananga',  PARSEDATETIME( '6:48', 'hh:mm')  ,  'first');
insert into shows (show_id, movie_id, cinema,  timing,  class) values (45, 15, 'Moglicë',  PARSEDATETIME( '3:44', 'hh:mm')  ,  'first');
insert into shows (show_id, movie_id, cinema,  timing,  class) values (46, 16, 'Ruteng',  PARSEDATETIME( '0:26', 'hh:mm')  , 'second');
insert into shows (show_id, movie_id, cinema,  timing,  class) values (47, 16, 'Quisao',  PARSEDATETIME( '18:09', 'hh:mm')  , 'second');
insert into shows (show_id, movie_id, cinema,  timing,  class) values (48, 16, 'Purorejo',  PARSEDATETIME( '8:01', 'hh:mm')  ,  'third');
insert into shows (show_id, movie_id, cinema,  timing,  class) values (49, 17, 'Czarnożyły',  PARSEDATETIME( '2:58', 'hh:mm')  ,  'first');
insert into shows (show_id, movie_id, cinema,  timing,  class) values (50, 17, 'La Motte-Servolex',  PARSEDATETIME( '8:35', 'hh:mm')  , 'second');
insert into shows (show_id, movie_id, cinema,  timing,  class) values (51, 17, 'Fox Creek',  PARSEDATETIME( '6:22', 'hh:mm')  ,  'first');
insert into shows (show_id, movie_id, cinema,  timing,  class) values (52, 18, 'Petukhovo',  PARSEDATETIME( '15:50', 'hh:mm')  ,  'third');
insert into shows (show_id, movie_id, cinema,  timing,  class) values (53, 18, 'Suining',  PARSEDATETIME( '2:49', 'hh:mm')  , 'second');
insert into shows (show_id, movie_id, cinema,  timing,  class) values (54, 18, 'Nazran’',  PARSEDATETIME( '12:14', 'hh:mm')  , 'second');
insert into shows (show_id, movie_id, cinema,  timing,  class) values (55, 19, 'Soukkouma',  PARSEDATETIME( '12:04', 'hh:mm')  ,  'first');
insert into shows (show_id, movie_id, cinema,  timing,  class) values (56, 19, 'Carvalheira',  PARSEDATETIME( '2:19', 'hh:mm')  ,  'third');
insert into shows (show_id, movie_id, cinema,  timing,  class) values (57, 19, 'Неготино',  PARSEDATETIME( '18:41', 'hh:mm')  , 'second');
insert into shows (show_id, movie_id, cinema,  timing,  class) values (58, 20, 'Środa Wielkopolska',  PARSEDATETIME( '14:49', 'hh:mm')  , 'second');
insert into shows (show_id, movie_id, cinema,  timing,  class) values (59, 20, 'Kleszczewo',  PARSEDATETIME( '21:48', 'hh:mm')  , 'second');
insert into shows (show_id, movie_id, cinema,  timing,  class) values (60, 20, 'Cernik',  PARSEDATETIME( '13:53', 'hh:mm')  ,  'third');
insert into shows (show_id, movie_id, cinema,  timing,  class) values (61, 21, 'Francisco I Madero',  PARSEDATETIME( '15:24', 'hh:mm')  ,  'first');
insert into shows (show_id, movie_id, cinema,  timing,  class) values (62, 21, 'Židlochovice',  PARSEDATETIME( '13:50', 'hh:mm')  , 'second');
insert into shows (show_id, movie_id, cinema,  timing,  class) values (63, 21, 'Giporlos',  PARSEDATETIME( '18:05', 'hh:mm')  ,  'third');
insert into shows (show_id, movie_id, cinema,  timing,  class) values (64, 22, 'Castelo',  PARSEDATETIME( '0:41', 'hh:mm')  , 'second');
insert into shows (show_id, movie_id, cinema,  timing,  class) values (65, 22, 'Bolboc',  PARSEDATETIME( '4:57', 'hh:mm')  ,  'third');
insert into shows (show_id, movie_id, cinema,  timing,  class) values (66, 22, 'Guluoshan',  PARSEDATETIME( '18:19', 'hh:mm')  , 'second');
insert into shows (show_id, movie_id, cinema,  timing,  class) values (67, 23, 'Paratunka',  PARSEDATETIME( '8:00', 'hh:mm')  ,  'third');
insert into shows (show_id, movie_id, cinema,  timing,  class) values (68, 23, 'Ariana',  PARSEDATETIME( '10:01', 'hh:mm')  ,  'third');
insert into shows (show_id, movie_id, cinema,  timing,  class) values (69, 23, 'Saraqinishtë',  PARSEDATETIME( '17:06', 'hh:mm')  ,  'first');
insert into shows (show_id, movie_id, cinema,  timing,  class) values (70, 24, 'Leuweheq',  PARSEDATETIME( '10:54', 'hh:mm')  ,  'first');
insert into shows (show_id, movie_id, cinema,  timing,  class) values (71, 24, 'Francisco I Madero',  PARSEDATETIME( '7:14', 'hh:mm')  ,  'third');
insert into shows (show_id, movie_id, cinema,  timing,  class) values (72, 24, 'Huazhaizi',  PARSEDATETIME( '0:26', 'hh:mm')  ,  'first');
insert into shows (show_id, movie_id, cinema,  timing,  class) values (73, 25, 'Musashino',  PARSEDATETIME( '3:50', 'hh:mm')  , 'second');
insert into shows (show_id, movie_id, cinema,  timing,  class) values (74, 25, 'Naftalan',  PARSEDATETIME( '12:45', 'hh:mm')  ,  'first');
insert into shows (show_id, movie_id, cinema,  timing,  class) values (75, 25, 'Uherce Mineralne',  PARSEDATETIME( '23:15', 'hh:mm')  ,  'third');
insert into shows (show_id, movie_id, cinema,  timing,  class) values (76, 26, 'Taocheng',  PARSEDATETIME( '15:40', 'hh:mm')  ,  'first');
insert into shows (show_id, movie_id, cinema,  timing,  class) values (77, 26, 'Skerries',  PARSEDATETIME( '14:47', 'hh:mm')  , 'second');
insert into shows (show_id, movie_id, cinema,  timing,  class) values (78, 26, 'Huangbao',  PARSEDATETIME( '17:58', 'hh:mm')  , 'second');
insert into shows (show_id, movie_id, cinema,  timing,  class) values (79, 27, 'Opatówek',  PARSEDATETIME( '7:23', 'hh:mm')  , 'second');
insert into shows (show_id, movie_id, cinema,  timing,  class) values (80, 27, 'Balingasag',  PARSEDATETIME( '0:24', 'hh:mm')  ,  'first');
insert into shows (show_id, movie_id, cinema,  timing,  class) values (81, 27, 'Diapaga',  PARSEDATETIME( '7:33', 'hh:mm')  , 'second');
insert into shows (show_id, movie_id, cinema,  timing,  class) values (82, 28, 'Portland',  PARSEDATETIME( '14:43', 'hh:mm')  ,  'first');
insert into shows (show_id, movie_id, cinema,  timing,  class) values (83, 28, 'Moret-sur-Loing',  PARSEDATETIME( '13:19', 'hh:mm')  ,  'third');
insert into shows (show_id, movie_id, cinema,  timing,  class) values (84, 28, 'Tambakromo',  PARSEDATETIME( '0:03', 'hh:mm')  ,  'third');
insert into shows (show_id, movie_id, cinema,  timing,  class) values (85, 29, 'Hengqiao',  PARSEDATETIME( '14:44', 'hh:mm')  ,  'third');
insert into shows (show_id, movie_id, cinema,  timing,  class) values (86, 29, 'Avdzaga',  PARSEDATETIME( '0:06', 'hh:mm')  ,  'first');
insert into shows (show_id, movie_id, cinema,  timing,  class) values (87, 29, 'Sundbyberg',  PARSEDATETIME( '4:50', 'hh:mm')  ,  'first');
insert into shows (show_id, movie_id, cinema,  timing,  class) values (88, 30, 'Vale de Figueira',  PARSEDATETIME( '5:01', 'hh:mm')  , 'second');
insert into shows (show_id, movie_id, cinema,  timing,  class) values (89, 30, 'Kalianyar Selatan',  PARSEDATETIME( '7:57', 'hh:mm')  , 'second');
insert into shows (show_id, movie_id, cinema,  timing,  class) values (90, 30, 'Huangwan',  PARSEDATETIME( '13:28', 'hh:mm')  , 'second');
insert into shows (show_id, movie_id, cinema,  timing,  class) values (91, 31, 'Areni',  PARSEDATETIME( '11:26', 'hh:mm')  ,  'first');
insert into shows (show_id, movie_id, cinema,  timing,  class) values (92, 31, 'Dagua',  PARSEDATETIME( '17:31', 'hh:mm')  ,  'first');
insert into shows (show_id, movie_id, cinema,  timing,  class) values (93, 31, 'Benito Juarez',  PARSEDATETIME( '14:23', 'hh:mm')  , 'second');
insert into shows (show_id, movie_id, cinema,  timing,  class) values (94, 32, 'Karlstad',  PARSEDATETIME( '9:16', 'hh:mm')  ,  'third');
insert into shows (show_id, movie_id, cinema,  timing,  class) values (95, 32, 'Dapaong',  PARSEDATETIME( '13:31', 'hh:mm')  ,  'first');
insert into shows (show_id, movie_id, cinema,  timing,  class) values (96, 32, 'Chambar',  PARSEDATETIME( '20:46', 'hh:mm')  , 'second');
insert into shows (show_id, movie_id, cinema,  timing,  class) values (97, 33, 'Louredo',  PARSEDATETIME( '16:36', 'hh:mm')  ,  'third');
insert into shows (show_id, movie_id, cinema,  timing,  class) values (98, 33, 'Palmira',  PARSEDATETIME( '0:51', 'hh:mm')  ,  'first');
insert into shows (show_id, movie_id, cinema,  timing,  class) values (99, 33, 'Huanggang',  PARSEDATETIME( '2:45', 'hh:mm')  , 'second');
insert into shows (show_id, movie_id, cinema,  timing,  class) values (100, 34, 'Yuelai',  PARSEDATETIME( '7:58', 'hh:mm')  ,  'third');
insert into shows (show_id, movie_id, cinema,  timing,  class) values (101, 34, 'Szombathely',  PARSEDATETIME( '8:38', 'hh:mm')  ,  'first');
insert into shows (show_id, movie_id, cinema,  timing,  class) values (102, 34, 'Tuapukan',  PARSEDATETIME( '5:51', 'hh:mm')  ,  'third');
insert into shows (show_id, movie_id, cinema,  timing,  class) values (103, 35, 'Kende',  PARSEDATETIME( '17:02', 'hh:mm')  ,  'first');
insert into shows (show_id, movie_id, cinema,  timing,  class) values (104, 35, 'Jarabacoa',  PARSEDATETIME( '8:29', 'hh:mm')  ,  'first');
insert into shows (show_id, movie_id, cinema,  timing,  class) values (105, 35, 'Maoming',  PARSEDATETIME( '14:51', 'hh:mm')  ,  'third');
insert into shows (show_id, movie_id, cinema,  timing,  class) values (106, 36, 'Presidente Venceslau',  PARSEDATETIME( '5:31', 'hh:mm')  ,  'third');
insert into shows (show_id, movie_id, cinema,  timing,  class) values (107, 36, 'Zdolbuniv',  PARSEDATETIME( '4:56', 'hh:mm')  , 'second');
insert into shows (show_id, movie_id, cinema,  timing,  class) values (108, 36, 'Banatska Topola',  PARSEDATETIME( '20:53', 'hh:mm')  ,  'third');
insert into shows (show_id, movie_id, cinema,  timing,  class) values (109, 37, 'Thị Trấn Tà Lùng',  PARSEDATETIME( '5:19', 'hh:mm')  , 'second');
insert into shows (show_id, movie_id, cinema,  timing,  class) values (110, 37, 'Minji',  PARSEDATETIME( '9:07', 'hh:mm')  , 'second');
insert into shows (show_id, movie_id, cinema,  timing,  class) values (111, 37, 'Volksrust',  PARSEDATETIME( '5:34', 'hh:mm')  , 'second');
insert into shows (show_id, movie_id, cinema,  timing,  class) values (112, 38, 'Tam Bình',  PARSEDATETIME( '3:57', 'hh:mm')  , 'second');
insert into shows (show_id, movie_id, cinema,  timing,  class) values (113, 38, 'Maguan',  PARSEDATETIME( '13:48', 'hh:mm')  ,  'third');
insert into shows (show_id, movie_id, cinema,  timing,  class) values (114, 38, 'Paris 15',  PARSEDATETIME( '15:36', 'hh:mm')  ,  'third');
insert into shows (show_id, movie_id, cinema,  timing,  class) values (115, 39, 'Holguín',  PARSEDATETIME( '1:51', 'hh:mm')  , 'second');
insert into shows (show_id, movie_id, cinema,  timing,  class) values (116, 39, 'Adar',  PARSEDATETIME( '0:12', 'hh:mm')  ,  'first');
insert into shows (show_id, movie_id, cinema,  timing,  class) values (117, 39, 'Roma',  PARSEDATETIME( '11:19', 'hh:mm')  ,  'first');
insert into shows (show_id, movie_id, cinema,  timing,  class) values (118, 40, 'Salon-de-Provence',  PARSEDATETIME( '10:10', 'hh:mm')  , 'second');
insert into shows (show_id, movie_id, cinema,  timing,  class) values (119, 40, 'Garbów',  PARSEDATETIME( '5:15', 'hh:mm')  ,  'first');
insert into shows (show_id, movie_id, cinema,  timing,  class) values (120, 40, 'Lianran',  PARSEDATETIME( '10:23', 'hh:mm')  ,  'first');
insert into shows (show_id, movie_id, cinema,  timing,  class) values (121, 41, 'Fīrūzābād',  PARSEDATETIME( '7:10', 'hh:mm')  ,  'first');
insert into shows (show_id, movie_id, cinema,  timing,  class) values (122, 41, 'Petukhovo',  PARSEDATETIME( '10:15', 'hh:mm')  , 'second');
insert into shows (show_id, movie_id, cinema,  timing,  class) values (123, 41, 'Gromnik',  PARSEDATETIME( '5:06', 'hh:mm')  , 'second');
insert into shows (show_id, movie_id, cinema,  timing,  class) values (124, 42, 'Lakbok',  PARSEDATETIME( '16:48', 'hh:mm')  ,  'first');
insert into shows (show_id, movie_id, cinema,  timing,  class) values (125, 42, 'Baizhang',  PARSEDATETIME( '4:00', 'hh:mm')  , 'second');
insert into shows (show_id, movie_id, cinema,  timing,  class) values (126, 42, 'Indulang',  PARSEDATETIME( '11:38', 'hh:mm')  , 'second');
insert into shows (show_id, movie_id, cinema,  timing,  class) values (127, 43, 'Ḩājī Khēl',  PARSEDATETIME( '18:19', 'hh:mm')  , 'second');
insert into shows (show_id, movie_id, cinema,  timing,  class) values (128, 43, 'Santo António da Charneca',  PARSEDATETIME( '21:56', 'hh:mm')  ,  'first');
insert into shows (show_id, movie_id, cinema,  timing,  class) values (129, 43, 'Yonggu',  PARSEDATETIME( '12:14', 'hh:mm')  , 'second');
insert into shows (show_id, movie_id, cinema,  timing,  class) values (130, 44, 'Nungga',  PARSEDATETIME( '19:31', 'hh:mm')  ,  'first');
insert into shows (show_id, movie_id, cinema,  timing,  class) values (131, 44, 'Carmen',  PARSEDATETIME( '19:03', 'hh:mm')  , 'second');
insert into shows (show_id, movie_id, cinema,  timing,  class) values (132, 44, 'Severomorsk',  PARSEDATETIME( '20:50', 'hh:mm')  ,  'third');
insert into shows (show_id, movie_id, cinema,  timing,  class) values (133, 45, 'Lapu-Lapu City',  PARSEDATETIME( '20:21', 'hh:mm')  , 'second');
insert into shows (show_id, movie_id, cinema,  timing,  class) values (134, 45, 'Sampir',  PARSEDATETIME( '21:31', 'hh:mm')  ,  'third');
insert into shows (show_id, movie_id, cinema,  timing,  class) values (135, 45, 'Pilaya',  PARSEDATETIME( '10:44', 'hh:mm')  ,  'first');
insert into shows (show_id, movie_id, cinema,  timing,  class) values (136, 46, 'Jembayan Hitam',  PARSEDATETIME( '15:30', 'hh:mm')  ,  'third');
insert into shows (show_id, movie_id, cinema,  timing,  class) values (137, 46, 'Dashuipo',  PARSEDATETIME( '3:03', 'hh:mm')  , 'second');
insert into shows (show_id, movie_id, cinema,  timing,  class) values (138, 46, 'Rawuk',  PARSEDATETIME( '17:09', 'hh:mm')  ,  'first');
insert into shows (show_id, movie_id, cinema,  timing,  class) values (139, 47, 'Shazikou',  PARSEDATETIME( '11:53', 'hh:mm')  ,  'first');
insert into shows (show_id, movie_id, cinema,  timing,  class) values (140, 47, 'Kościerzyna',  PARSEDATETIME( '4:40', 'hh:mm')  ,  'first');
insert into shows (show_id, movie_id, cinema,  timing,  class) values (141, 47, 'Järfälla',  PARSEDATETIME( '9:43', 'hh:mm')  ,  'third');
insert into shows (show_id, movie_id, cinema,  timing,  class) values (142, 48, 'High Point',  PARSEDATETIME( '2:50', 'hh:mm')  , 'second');
insert into shows (show_id, movie_id, cinema,  timing,  class) values (143, 48, 'Mora',  PARSEDATETIME( '14:56', 'hh:mm')  ,  'third');
insert into shows (show_id, movie_id, cinema,  timing,  class) values (144, 48, 'Huanggang',  PARSEDATETIME( '3:49', 'hh:mm')  ,  'first');
insert into shows (show_id, movie_id, cinema,  timing,  class) values (145, 49, 'Detusoko',  PARSEDATETIME( '18:44', 'hh:mm')  , 'second');
insert into shows (show_id, movie_id, cinema,  timing,  class) values (146, 49, 'Uubulan',  PARSEDATETIME( '6:47', 'hh:mm')  , 'second');
insert into shows (show_id, movie_id, cinema,  timing,  class) values (147, 49, 'Siasi',  PARSEDATETIME( '0:39', 'hh:mm')  ,  'first');
insert into shows (show_id, movie_id, cinema,  timing,  class) values (148, 50, 'Oslo',  PARSEDATETIME( '5:40', 'hh:mm')  , 'second');
insert into shows (show_id, movie_id, cinema,  timing,  class) values (149, 50, 'Kamal',  PARSEDATETIME( '22:53', 'hh:mm')  ,  'first');
insert into shows (show_id, movie_id, cinema,  timing,  class) values (150, 50, 'Linares',  PARSEDATETIME( '8:45', 'hh:mm')  ,  'third');
insert into shows (show_id, movie_id, cinema,  timing,  class) values (151, 51, 'Záhorovice',  PARSEDATETIME( '5:15', 'hh:mm')  , 'second');
insert into shows (show_id, movie_id, cinema,  timing,  class) values (152, 51, 'Zhangjiawo',  PARSEDATETIME( '3:45', 'hh:mm')  ,  'third');
insert into shows (show_id, movie_id, cinema,  timing,  class) values (153, 51, 'Yi’an',  PARSEDATETIME( '15:01', 'hh:mm')  ,  'first');
insert into shows (show_id, movie_id, cinema,  timing,  class) values (154, 52, 'Volodars’k-Volyns’kyy',  PARSEDATETIME( '23:12', 'hh:mm')  ,  'third');
insert into shows (show_id, movie_id, cinema,  timing,  class) values (155, 52, 'Glubokiy',  PARSEDATETIME( '1:14', 'hh:mm')  ,  'first');
insert into shows (show_id, movie_id, cinema,  timing,  class) values (156, 52, 'Basiong',  PARSEDATETIME( '15:29', 'hh:mm')  ,  'third');
insert into shows (show_id, movie_id, cinema,  timing,  class) values (157, 53, 'Agalteca',  PARSEDATETIME( '23:14', 'hh:mm')  ,  'third');
insert into shows (show_id, movie_id, cinema,  timing,  class) values (158, 53, 'San Pedro Carchá',  PARSEDATETIME( '5:53', 'hh:mm')  ,  'first');
insert into shows (show_id, movie_id, cinema,  timing,  class) values (159, 53, 'Sydney',  PARSEDATETIME( '0:51', 'hh:mm')  ,  'third');
insert into shows (show_id, movie_id, cinema,  timing,  class) values (160, 54, 'Leon',  PARSEDATETIME( '7:43', 'hh:mm')  ,  'first');
insert into shows (show_id, movie_id, cinema,  timing,  class) values (161, 54, 'Manticao',  PARSEDATETIME( '15:19', 'hh:mm')  ,  'first');
insert into shows (show_id, movie_id, cinema,  timing,  class) values (162, 54, 'Västerås',  PARSEDATETIME( '15:18', 'hh:mm')  , 'second');
insert into shows (show_id, movie_id, cinema,  timing,  class) values (163, 55, 'Kalino',  PARSEDATETIME( '0:55', 'hh:mm')  ,  'third');
insert into shows (show_id, movie_id, cinema,  timing,  class) values (164, 55, 'Santo Adrião Vizela',  PARSEDATETIME( '5:23', 'hh:mm')  , 'second');
insert into shows (show_id, movie_id, cinema,  timing,  class) values (165, 55, 'Planaltina',  PARSEDATETIME( '1:49', 'hh:mm')  , 'second');
insert into shows (show_id, movie_id, cinema,  timing,  class) values (166, 56, 'Três Coroas',  PARSEDATETIME( '2:53', 'hh:mm')  ,  'third');
insert into shows (show_id, movie_id, cinema,  timing,  class) values (167, 56, 'Mas‘adah',  PARSEDATETIME( '22:51', 'hh:mm')  ,  'first');
insert into shows (show_id, movie_id, cinema,  timing,  class) values (168, 56, 'Senglea',  PARSEDATETIME( '10:26', 'hh:mm')  , 'second');
insert into shows (show_id, movie_id, cinema,  timing,  class) values (169, 57, 'Xiaping',  PARSEDATETIME( '8:52', 'hh:mm')  , 'second');
insert into shows (show_id, movie_id, cinema,  timing,  class) values (170, 57, 'Ketapang',  PARSEDATETIME( '1:46', 'hh:mm')  ,  'third');
insert into shows (show_id, movie_id, cinema,  timing,  class) values (171, 57, 'Barra Mansa',  PARSEDATETIME( '20:23', 'hh:mm')  , 'second');
insert into shows (show_id, movie_id, cinema,  timing,  class) values (172, 58, 'Xingguo',  PARSEDATETIME( '15:38', 'hh:mm')  , 'second');
insert into shows (show_id, movie_id, cinema,  timing,  class) values (173, 58, 'Sololá',  PARSEDATETIME( '7:18', 'hh:mm')  , 'second');
insert into shows (show_id, movie_id, cinema,  timing,  class) values (174, 58, 'Reisjärvi',  PARSEDATETIME( '2:38', 'hh:mm')  ,  'third');
insert into shows (show_id, movie_id, cinema,  timing,  class) values (175, 59, 'Tambakromo',  PARSEDATETIME( '2:33', 'hh:mm')  , 'second');
insert into shows (show_id, movie_id, cinema,  timing,  class) values (176, 59, 'Matsutō',  PARSEDATETIME( '17:35', 'hh:mm')  ,  'third');
insert into shows (show_id, movie_id, cinema,  timing,  class) values (177, 59, 'Esposende',  PARSEDATETIME( '4:06', 'hh:mm')  ,  'first');
insert into shows (show_id, movie_id, cinema,  timing,  class) values (178, 60, 'San Carlos',  PARSEDATETIME( '21:48', 'hh:mm')  ,  'third');
insert into shows (show_id, movie_id, cinema,  timing,  class) values (179, 60, 'Saumur',  PARSEDATETIME( '13:35', 'hh:mm')  ,  'third');
insert into shows (show_id, movie_id, cinema,  timing,  class) values (180, 60, 'Carrigaline',  PARSEDATETIME( '22:22', 'hh:mm')  ,  'first');
insert into shows (show_id, movie_id, cinema,  timing,  class) values (181, 61, 'Zhong’an',  PARSEDATETIME( '7:41', 'hh:mm')  ,  'third');
insert into shows (show_id, movie_id, cinema,  timing,  class) values (182, 61, 'Zemun',  PARSEDATETIME( '19:44', 'hh:mm')  ,  'first');
insert into shows (show_id, movie_id, cinema,  timing,  class) values (183, 61, 'Leiria',  PARSEDATETIME( '10:39', 'hh:mm')  ,  'first');
insert into shows (show_id, movie_id, cinema,  timing,  class) values (184, 62, 'Gayny',  PARSEDATETIME( '9:05', 'hh:mm')  ,  'first');
insert into shows (show_id, movie_id, cinema,  timing,  class) values (185, 62, 'Kanuma',  PARSEDATETIME( '9:04', 'hh:mm')  ,  'third');
insert into shows (show_id, movie_id, cinema,  timing,  class) values (186, 62, 'Drezdenko',  PARSEDATETIME( '9:32', 'hh:mm')  ,  'first');
insert into shows (show_id, movie_id, cinema,  timing,  class) values (187, 63, 'Colesberg',  PARSEDATETIME( '6:52', 'hh:mm')  , 'second');
insert into shows (show_id, movie_id, cinema,  timing,  class) values (188, 63, 'Enrile',  PARSEDATETIME( '4:50', 'hh:mm')  ,  'first');
insert into shows (show_id, movie_id, cinema,  timing,  class) values (189, 63, 'Coruripe',  PARSEDATETIME( '4:08', 'hh:mm')  ,  'first');
insert into shows (show_id, movie_id, cinema,  timing,  class) values (190, 64, 'Inta',  PARSEDATETIME( '6:52', 'hh:mm')  ,  'third');
insert into shows (show_id, movie_id, cinema,  timing,  class) values (191, 64, 'Ağdaş',  PARSEDATETIME( '15:30', 'hh:mm')  ,  'first');
insert into shows (show_id, movie_id, cinema,  timing,  class) values (192, 64, 'Dolega District',  PARSEDATETIME( '17:38', 'hh:mm')  ,  'third');
insert into shows (show_id, movie_id, cinema,  timing,  class) values (193, 65, 'Huaqiao',  PARSEDATETIME( '3:17', 'hh:mm')  ,  'first');
insert into shows (show_id, movie_id, cinema,  timing,  class) values (194, 65, 'Energodar',  PARSEDATETIME( '15:31', 'hh:mm')  , 'second');
insert into shows (show_id, movie_id, cinema,  timing,  class) values (195, 65, 'Kumba',  PARSEDATETIME( '9:57', 'hh:mm')  ,  'first');
insert into shows (show_id, movie_id, cinema,  timing,  class) values (196, 66, 'Dobje pri Planini',  PARSEDATETIME( '10:46', 'hh:mm')  , 'second');
insert into shows (show_id, movie_id, cinema,  timing,  class) values (197, 66, 'Chenghe',  PARSEDATETIME( '4:27', 'hh:mm')  ,  'first');
insert into shows (show_id, movie_id, cinema,  timing,  class) values (198, 66, 'Asaka',  PARSEDATETIME( '6:03', 'hh:mm')  , 'second');
insert into shows (show_id, movie_id, cinema,  timing,  class) values (199, 67, 'Xinyan',  PARSEDATETIME( '18:59', 'hh:mm')  , 'second');
insert into shows (show_id, movie_id, cinema,  timing,  class) values (200, 67, 'Bāsawul',  PARSEDATETIME( '19:34', 'hh:mm')  ,  'first');
insert into shows (show_id, movie_id, cinema,  timing,  class) values (201, 67, 'Berlin',  PARSEDATETIME( '6:01', 'hh:mm')  , 'second');
insert into shows (show_id, movie_id, cinema,  timing,  class) values (202, 68, 'Santo Isidro',  PARSEDATETIME( '18:52', 'hh:mm')  ,  'first');
insert into shows (show_id, movie_id, cinema,  timing,  class) values (203, 68, 'Udon Thani',  PARSEDATETIME( '17:51', 'hh:mm')  ,  'first');
insert into shows (show_id, movie_id, cinema,  timing,  class) values (204, 68, 'Kortesjärvi',  PARSEDATETIME( '8:24', 'hh:mm')  , 'second');
insert into shows (show_id, movie_id, cinema,  timing,  class) values (205, 69, 'Roldanillo',  PARSEDATETIME( '0:58', 'hh:mm')  ,  'third');
insert into shows (show_id, movie_id, cinema,  timing,  class) values (206, 69, 'Mabua',  PARSEDATETIME( '16:24', 'hh:mm')  ,  'third');
insert into shows (show_id, movie_id, cinema,  timing,  class) values (207, 69, 'Uluarang',  PARSEDATETIME( '13:23', 'hh:mm')  ,  'third');
insert into shows (show_id, movie_id, cinema,  timing,  class) values (208, 70, 'Ranot',  PARSEDATETIME( '9:20', 'hh:mm')  , 'second');
insert into shows (show_id, movie_id, cinema,  timing,  class) values (209, 70, 'Venda Nova',  PARSEDATETIME( '13:06', 'hh:mm')  ,  'third');
insert into shows (show_id, movie_id, cinema,  timing,  class) values (210, 70, 'L''viv',  PARSEDATETIME( '14:48', 'hh:mm')  , 'second');
insert into shows (show_id, movie_id, cinema,  timing,  class) values (211, 71, 'Sekampung',  PARSEDATETIME( '22:24', 'hh:mm')  ,  'third');
insert into shows (show_id, movie_id, cinema,  timing,  class) values (212, 71, 'Volokolamsk',  PARSEDATETIME( '20:44', 'hh:mm')  ,  'first');
insert into shows (show_id, movie_id, cinema,  timing,  class) values (213, 71, 'Paripiranga',  PARSEDATETIME( '10:34', 'hh:mm')  , 'second');
insert into shows (show_id, movie_id, cinema,  timing,  class) values (214, 72, 'Tibiri',  PARSEDATETIME( '0:34', 'hh:mm')  ,  'third');
insert into shows (show_id, movie_id, cinema,  timing,  class) values (215, 72, 'Casa Nova',  PARSEDATETIME( '13:43', 'hh:mm')  ,  'third');
insert into shows (show_id, movie_id, cinema,  timing,  class) values (216, 72, 'Bryansk',  PARSEDATETIME( '21:17', 'hh:mm')  ,  'first');
insert into shows (show_id, movie_id, cinema,  timing,  class) values (217, 73, 'Guojiaba',  PARSEDATETIME( '20:56', 'hh:mm')  ,  'first');
insert into shows (show_id, movie_id, cinema,  timing,  class) values (218, 73, 'Wiyayu Barat',  PARSEDATETIME( '22:26', 'hh:mm')  ,  'third');
insert into shows (show_id, movie_id, cinema,  timing,  class) values (219, 73, 'Tiguion',  PARSEDATETIME( '14:34', 'hh:mm')  ,  'first');
insert into shows (show_id, movie_id, cinema,  timing,  class) values (220, 74, 'Sztum',  PARSEDATETIME( '12:10', 'hh:mm')  ,  'third');
insert into shows (show_id, movie_id, cinema,  timing,  class) values (221, 74, 'Mas‘adah',  PARSEDATETIME( '14:26', 'hh:mm')  ,  'third');
insert into shows (show_id, movie_id, cinema,  timing,  class) values (222, 74, 'Siquisique',  PARSEDATETIME( '17:35', 'hh:mm')  ,  'first');
insert into shows (show_id, movie_id, cinema,  timing,  class) values (223, 75, 'Banjar Dharmasemedi',  PARSEDATETIME( '4:48', 'hh:mm')  ,  'third');
insert into shows (show_id, movie_id, cinema,  timing,  class) values (224, 75, 'Houjiachuan',  PARSEDATETIME( '2:16', 'hh:mm')  ,  'first');
insert into shows (show_id, movie_id, cinema,  timing,  class) values (225, 75, 'Trollhättan',  PARSEDATETIME( '15:35', 'hh:mm')  ,  'third');
insert into shows (show_id, movie_id, cinema,  timing,  class) values (226, 76, 'Báguanos',  PARSEDATETIME( '7:46', 'hh:mm')  , 'second');
insert into shows (show_id, movie_id, cinema,  timing,  class) values (227, 76, 'Sibulan',  PARSEDATETIME( '18:25', 'hh:mm')  ,  'third');
insert into shows (show_id, movie_id, cinema,  timing,  class) values (228, 76, 'Bordeaux',  PARSEDATETIME( '8:11', 'hh:mm')  ,  'first');
insert into shows (show_id, movie_id, cinema,  timing,  class) values (229, 77, 'Magangué',  PARSEDATETIME( '8:33', 'hh:mm')  ,  'first');
insert into shows (show_id, movie_id, cinema,  timing,  class) values (230, 77, 'Yunguyo',  PARSEDATETIME( '2:04', 'hh:mm')  , 'second');
insert into shows (show_id, movie_id, cinema,  timing,  class) values (231, 77, 'Millau',  PARSEDATETIME( '14:44', 'hh:mm')  , 'second');
insert into shows (show_id, movie_id, cinema,  timing,  class) values (232, 78, 'Niños Heroes',  PARSEDATETIME( '12:03', 'hh:mm')  ,  'third');
insert into shows (show_id, movie_id, cinema,  timing,  class) values (233, 78, 'Ramalhal',  PARSEDATETIME( '7:45', 'hh:mm')  ,  'first');
insert into shows (show_id, movie_id, cinema,  timing,  class) values (234, 78, 'Montelíbano',  PARSEDATETIME( '23:46', 'hh:mm')  ,  'first');
insert into shows (show_id, movie_id, cinema,  timing,  class) values (235, 79, 'Donggou',  PARSEDATETIME( '12:48', 'hh:mm')  ,  'first');
insert into shows (show_id, movie_id, cinema,  timing,  class) values (236, 79, 'Pocokan Satu',  PARSEDATETIME( '3:04', 'hh:mm')  ,  'third');
insert into shows (show_id, movie_id, cinema,  timing,  class) values (237, 79, 'Isniq',  PARSEDATETIME( '9:02', 'hh:mm')  , 'second');
insert into shows (show_id, movie_id, cinema,  timing,  class) values (238, 80, 'Wiang Nuea',  PARSEDATETIME( '0:01', 'hh:mm')  , 'second');
insert into shows (show_id, movie_id, cinema,  timing,  class) values (239, 80, 'Villa del Rosario',  PARSEDATETIME( '16:44', 'hh:mm')  ,  'first');
insert into shows (show_id, movie_id, cinema,  timing,  class) values (240, 80, 'Gayamdesa',  PARSEDATETIME( '22:31', 'hh:mm')  ,  'third');
insert into shows (show_id, movie_id, cinema,  timing,  class) values (241, 81, 'Kansas City',  PARSEDATETIME( '3:17', 'hh:mm')  ,  'third');
insert into shows (show_id, movie_id, cinema,  timing,  class) values (242, 81, 'Curumaní',  PARSEDATETIME( '19:41', 'hh:mm')  , 'second');
insert into shows (show_id, movie_id, cinema,  timing,  class) values (243, 81, 'Hengli',  PARSEDATETIME( '8:32', 'hh:mm')  ,  'first');
insert into shows (show_id, movie_id, cinema,  timing,  class) values (244, 82, 'Milton',  PARSEDATETIME( '23:03', 'hh:mm')  ,  'third');
insert into shows (show_id, movie_id, cinema,  timing,  class) values (245, 82, 'Fresnes',  PARSEDATETIME( '10:11', 'hh:mm')  , 'second');
insert into shows (show_id, movie_id, cinema,  timing,  class) values (246, 82, 'Chifeng',  PARSEDATETIME( '16:21', 'hh:mm')  , 'second');
insert into shows (show_id, movie_id, cinema,  timing,  class) values (247, 83, 'Longmen',  PARSEDATETIME( '6:05', 'hh:mm')  ,  'first');
insert into shows (show_id, movie_id, cinema,  timing,  class) values (248, 83, 'Barcin',  PARSEDATETIME( '13:42', 'hh:mm')  ,  'third');
insert into shows (show_id, movie_id, cinema,  timing,  class) values (249, 83, 'Quiruvilca',  PARSEDATETIME( '4:56', 'hh:mm')  , 'second');
insert into shows (show_id, movie_id, cinema,  timing,  class) values (250, 84, 'Cibogo',  PARSEDATETIME( '19:58', 'hh:mm')  , 'second');
insert into shows (show_id, movie_id, cinema,  timing,  class) values (251, 84, 'St. Anton an der Jeßnitz',  PARSEDATETIME( '12:34', 'hh:mm')  ,  'first');
insert into shows (show_id, movie_id, cinema,  timing,  class) values (252, 84, 'Lewo',  PARSEDATETIME( '14:28', 'hh:mm')  ,  'third');
insert into shows (show_id, movie_id, cinema,  timing,  class) values (253, 85, 'Rechitsy',  PARSEDATETIME( '8:36', 'hh:mm')  , 'second');
insert into shows (show_id, movie_id, cinema,  timing,  class) values (254, 85, 'Mbaké',  PARSEDATETIME( '21:02', 'hh:mm')  ,  'third');
insert into shows (show_id, movie_id, cinema,  timing,  class) values (255, 85, 'Gueset',  PARSEDATETIME( '1:43', 'hh:mm')  ,  'first');
insert into shows (show_id, movie_id, cinema,  timing,  class) values (256, 86, 'Ugba',  PARSEDATETIME( '23:05', 'hh:mm')  , 'second');
insert into shows (show_id, movie_id, cinema,  timing,  class) values (257, 86, 'Stockholm',  PARSEDATETIME( '11:45', 'hh:mm')  , 'second');
insert into shows (show_id, movie_id, cinema,  timing,  class) values (258, 86, 'Cikujang',  PARSEDATETIME( '19:42', 'hh:mm')  , 'second');
insert into shows (show_id, movie_id, cinema,  timing,  class) values (259, 87, 'Rio Meão',  PARSEDATETIME( '17:37', 'hh:mm')  ,  'first');
insert into shows (show_id, movie_id, cinema,  timing,  class) values (260, 87, 'Stara Pazova',  PARSEDATETIME( '16:47', 'hh:mm')  ,  'third');
insert into shows (show_id, movie_id, cinema,  timing,  class) values (261, 87, 'Pila',  PARSEDATETIME( '10:20', 'hh:mm')  ,  'first');
insert into shows (show_id, movie_id, cinema,  timing,  class) values (262, 88, 'Xilian',  PARSEDATETIME( '17:27', 'hh:mm')  ,  'first');
insert into shows (show_id, movie_id, cinema,  timing,  class) values (263, 88, 'Zhujiapu',  PARSEDATETIME( '21:50', 'hh:mm')  ,  'third');
insert into shows (show_id, movie_id, cinema,  timing,  class) values (264, 88, 'Goiás',  PARSEDATETIME( '7:54', 'hh:mm')  ,  'third');
insert into shows (show_id, movie_id, cinema,  timing,  class) values (265, 89, 'Namie',  PARSEDATETIME( '18:31', 'hh:mm')  , 'second');
insert into shows (show_id, movie_id, cinema,  timing,  class) values (266, 89, 'Yanas',  PARSEDATETIME( '3:19', 'hh:mm')  ,  'third');
insert into shows (show_id, movie_id, cinema,  timing,  class) values (267, 89, 'Sumbe',  PARSEDATETIME( '8:23', 'hh:mm')  , 'second');
insert into shows (show_id, movie_id, cinema,  timing,  class) values (268, 90, 'Tumba',  PARSEDATETIME( '3:23', 'hh:mm')  ,  'third');
insert into shows (show_id, movie_id, cinema,  timing,  class) values (269, 90, 'Kolbuszowa',  PARSEDATETIME( '14:23', 'hh:mm')  ,  'first');
insert into shows (show_id, movie_id, cinema,  timing,  class) values (270, 90, 'Geshan',  PARSEDATETIME( '12:32', 'hh:mm')  ,  'third');
insert into shows (show_id, movie_id, cinema,  timing,  class) values (271, 91, 'Obukhiv',  PARSEDATETIME( '19:49', 'hh:mm')  , 'second');
insert into shows (show_id, movie_id, cinema,  timing,  class) values (272, 91, 'Sapphaya',  PARSEDATETIME( '11:46', 'hh:mm')  , 'second');
insert into shows (show_id, movie_id, cinema,  timing,  class) values (273, 91, 'Bantu',  PARSEDATETIME( '7:23', 'hh:mm')  ,  'third');
insert into shows (show_id, movie_id, cinema,  timing,  class) values (274, 92, 'Överkalix',  PARSEDATETIME( '1:40', 'hh:mm')  ,  'third');
insert into shows (show_id, movie_id, cinema,  timing,  class) values (275, 92, 'Port Moody',  PARSEDATETIME( '12:10', 'hh:mm')  ,  'third');
insert into shows (show_id, movie_id, cinema,  timing,  class) values (276, 92, 'Penggakrajeng',  PARSEDATETIME( '14:27', 'hh:mm')  ,  'first');
insert into shows (show_id, movie_id, cinema,  timing,  class) values (277, 93, 'Coronel Fabriciano',  PARSEDATETIME( '22:41', 'hh:mm')  ,  'first');
insert into shows (show_id, movie_id, cinema,  timing,  class) values (278, 93, 'Gorzkowice',  PARSEDATETIME( '15:25', 'hh:mm')  ,  'third');
insert into shows (show_id, movie_id, cinema,  timing,  class) values (279, 93, 'Cabrela',  PARSEDATETIME( '15:04', 'hh:mm')  ,  'first');
insert into shows (show_id, movie_id, cinema,  timing,  class) values (280, 94, 'Yasothon',  PARSEDATETIME( '16:09', 'hh:mm')  ,  'first');
insert into shows (show_id, movie_id, cinema,  timing,  class) values (281, 94, 'Jönköping',  PARSEDATETIME( '0:10', 'hh:mm')  , 'second');
insert into shows (show_id, movie_id, cinema,  timing,  class) values (282, 94, 'Cijambe',  PARSEDATETIME( '6:21', 'hh:mm')  ,  'first');
insert into shows (show_id, movie_id, cinema,  timing,  class) values (283, 95, 'Zhongtong',  PARSEDATETIME( '2:21', 'hh:mm')  ,  'third');
insert into shows (show_id, movie_id, cinema,  timing,  class) values (284, 95, 'Mariental',  PARSEDATETIME( '20:53', 'hh:mm')  ,  'third');
insert into shows (show_id, movie_id, cinema,  timing,  class) values (285, 95, 'Slobodka',  PARSEDATETIME( '11:26', 'hh:mm')  , 'second');
insert into shows (show_id, movie_id, cinema,  timing,  class) values (286, 96, 'Chorente',  PARSEDATETIME( '3:51', 'hh:mm')  , 'second');
insert into shows (show_id, movie_id, cinema,  timing,  class) values (287, 96, 'Duodaoshi',  PARSEDATETIME( '22:37', 'hh:mm')  ,  'first');
insert into shows (show_id, movie_id, cinema,  timing,  class) values (288, 96, 'Trhové Sviny',  PARSEDATETIME( '5:46', 'hh:mm')  ,  'third');
insert into shows (show_id, movie_id, cinema,  timing,  class) values (289, 97, 'Al Khafsah',  PARSEDATETIME( '8:59', 'hh:mm')  ,  'first');
insert into shows (show_id, movie_id, cinema,  timing,  class) values (290, 97, 'Indaiatuba',  PARSEDATETIME( '9:43', 'hh:mm')  , 'second');
insert into shows (show_id, movie_id, cinema,  timing,  class) values (291, 97, 'Pindorama',  PARSEDATETIME( '4:57', 'hh:mm')  ,  'first');
insert into shows (show_id, movie_id, cinema,  timing,  class) values (292, 98, 'Nūbā',  PARSEDATETIME( '22:49', 'hh:mm')  ,  'third');
insert into shows (show_id, movie_id, cinema,  timing,  class) values (293, 98, 'Leeds',  PARSEDATETIME( '1:09', 'hh:mm')  , 'second');
insert into shows (show_id, movie_id, cinema,  timing,  class) values (294, 98, 'Cernay',  PARSEDATETIME( '7:46', 'hh:mm')  ,  'first');
insert into shows (show_id, movie_id, cinema,  timing,  class) values (295, 99, 'Nghi Xuân',  PARSEDATETIME( '14:33', 'hh:mm')  , 'second');
insert into shows (show_id, movie_id, cinema,  timing,  class) values (296, 99, 'Sarata',  PARSEDATETIME( '14:03', 'hh:mm')  ,  'third');
insert into shows (show_id, movie_id, cinema,  timing,  class) values (297, 99, 'Putrajaya',  PARSEDATETIME( '2:55', 'hh:mm')  , 'second');
insert into shows (show_id, movie_id, cinema,  timing,  class) values (298, 100, 'London',  PARSEDATETIME( '17:00', 'hh:mm')  , 'second');
insert into shows (show_id, movie_id, cinema,  timing,  class) values (299, 100, 'Baranoa',  PARSEDATETIME( '1:04', 'hh:mm')  ,  'first');
insert into shows (show_id, movie_id, cinema,  timing,  class) values (300, 100, 'Jabłoń',  PARSEDATETIME( '9:42', 'hh:mm')  , 'second');

